Activity Date,Year,Month,day,weekday,Elapsed Time,Moving Time,Distance,Max Heart Rate,Average Heart Rate,Activity Gear,Max Speed,Average Speed,Max Cadence,Average Cadence,Calories
2024-02-26 16:43:31,2024,2,26,0,2721,2721.0,7.06,,,HOKA Clifton 9 Pomarańcz,15.0624,9.3492,88.0,81.0,550.0
2024-03-30 16:07:05,2024,3,30,5,3735,3735.0,10.08,,,HOKA Clifton 9 Pomarańcz,14.1984,9.7164,85.0,79.0,740.0
2024-04-01 14:47:07,2024,4,1,0,3614,3614.0,9.44,,,HOKA Clifton 9 Pomarańcz,13.4496,9.4068,83.0,79.0,775.0
2024-02-29 19:29:47,2024,2,29,3,2705,2705.0,6.85,,,HOKA Clifton 9 Pomarańcz,14.7528,9.126000000000001,86.0,79.0,554.0
2024-03-02 21:24:49,2024,3,2,5,6636,6636.0,16.30,,,HOKA Clifton 9 Pomarańcz,13.9536,8.8452,83.0,78.0,1276.0
2024-03-12 18:55:19,2024,3,12,1,3632,3632.0,9.34,,,HOKA Clifton 9 Pomarańcz,13.32,9.2592,83.0,78.0,722.0
2024-02-24 13:56:51,2024,2,24,5,4516,4516.0,11.27,,,HOKA Clifton 9 Pomarańcz,13.572000000000001,8.9892,85.0,79.0,1063.0
2024-03-15 17:34:25,2024,3,15,4,3615,3615.0,9.30,,,HOKA Clifton 9 Pomarańcz,14.306400000000002,9.2628,84.0,79.0,772.0
2024-03-25 10:48:37,2024,3,25,0,6290,5883.0,13.59,,,HOKA Clifton 9 Pomarańcz,11.7936,8.3196,86.0,78.0,1059.0
2024-04-08 11:30:12,2024,4,8,0,5406,5406.0,13.63,172.0,157.0,HOKA Clifton 9 Pomarańcz,14.4432,9.0756,86.0,78.0,1127.0
2024-04-11 18:05:52,2024,4,11,3,3033,3033.0,7.90,166.0,148.0,HOKA Clifton 9 Pomarańcz,15.7968,9.3816,88.0,79.0,625.0
2024-04-13 07:02:14,2024,4,13,5,1480,1480.0,4.99,173.0,164.0,HOKA Clifton 9 Pomarańcz,16.7832,12.1464,88.0,83.0,370.0
2024-04-18 17:43:18,2024,4,18,3,3016,3016.0,8.18,165.0,147.0,HOKA Clifton 9 Pomarańcz,14.6952,9.763200000000001,86.0,79.0,633.0
2024-04-22 08:54:15,2024,4,22,0,4820,4812.0,12.73,140.0,121.0,HOKA Clifton 9 Pomarańcz,14.1264,9.522,84.0,79.0,882.0
2024-04-26 22:56:50,2024,4,26,4,1486,1486.0,4.70,167.0,158.0,HOKA Clifton 9 Pomarańcz,14.0544,11.3868,91.0,81.0,349.0
2024-04-26 23:58:43,2024,4,26,4,848,848.0,2.77,197.0,188.0,HOKA Clifton 9 Pomarańcz,21.3408,11.7864,94.0,84.0,227.0
2024-04-29 08:41:11,2024,4,29,0,2717,2717.0,7.47,174.0,152.0,HOKA Clifton 9 Pomarańcz,14.961599999999999,9.9,88.0,79.0,587.0
2024-05-02 12:17:36,2024,5,2,3,3306,3302.0,8.99,168.0,156.0,HOKA Clifton 9 Pomarańcz,13.4784,9.81,85.0,79.0,730.0
2024-05-06 06:54:37,2024,5,6,0,3177,3177.0,9.08,172.0,153.0,HOKA Clifton 9 Pomarańcz,15.026400000000002,10.299600000000002,112.0,78.0,707.0
2024-05-10 16:15:40,2024,5,10,4,2527,2527.0,7.16,165.0,139.0,HOKA Clifton 9 Pomarańcz,17.6616,10.2024,87.0,78.0,531.0
2024-05-13 07:26:09,2024,5,13,0,1806,1806.0,5.12,153.0,145.0,HOKA Clifton 9 Pomarańcz,12.5136,10.2132,81.0,78.0,385.0
2023-11-11 07:04:14,2023,11,11,5,3385,3385.0,10.04,183.0,165.0,,15.105599999999999,10.684800000000001,,,1065.0
2024-01-06 15:26:19,2024,1,6,5,3008,2999.0,7.29,,,,13.3596,8.7552,,,735.0
2023-08-24 08:43:00,2023,8,24,3,1521,1516.0,4.08,,,,16.9668,9.7056,,,413.0
2023-11-27 10:25:53,2023,11,27,0,1622,1622.0,4.60,,,,15.03,10.2276,,,465.0
2024-02-11 07:59:52,2024,2,11,6,877,605.0,2.06,,,HOKA Clifton 9 Pomarańcz,20.422800000000002,12.2904,,,219.0
2024-02-20 18:53:36,2024,2,20,1,3642,3642.0,9.21,,,HOKA Clifton 9 Pomarańcz,17.557199999999998,9.107999999999999,,,932.0
2024-01-14 17:36:27,2024,1,14,6,4834,4831.0,11.46,,,,13.985999999999999,8.5392,,,1166.0
2024-02-11 09:01:34,2024,2,11,6,3367,3364.0,10.06,,,HOKA Clifton 9 Pomarańcz,16.992,10.7676,,,1067.0
2023-12-31 13:04:21,2023,12,31,6,4216,4210.0,10.47,,,,13.5396,8.9568,,,1058.0
2024-02-07 18:11:01,2024,2,7,2,3021,3011.0,7.60,,,HOKA Clifton 9 Pomarańcz,13.734,9.0936,,,770.0
2024-01-17 18:31:39,2024,1,17,2,3632,3624.0,8.59,,,,13.755600000000001,8.5392,,,869.0
2023-12-06 19:07:20,2023,12,6,2,3607,3602.0,8.69,,,,12.7332,8.6832,,,880.0
2023-09-03 18:05:22,2023,9,3,6,1511,1507.0,4.32,,,,15.9192,10.332,,,437.0
2024-01-27 17:35:18,2024,1,27,5,5401,5398.0,13.07,,,,12.517199999999999,8.7156,,,1327.0
2023-08-21 21:54:03,2023,8,21,0,1222,1213.0,3.33,,,,17.7588,9.8856,,,336.0
2024-01-23 14:18:20,2024,1,23,1,3017,3010.0,7.56,,,,13.5612,9.0432,,,763.0
2024-02-05 14:16:01,2024,2,5,0,3624,3615.0,9.34,,,,15.3828,9.306000000000001,,,945.0
2023-12-17 08:45:46,2023,12,17,6,2967,2964.0,7.92,,,,15.2604,9.6228,,,801.0
2024-02-15 19:17:46,2024,2,15,3,5403,5403.0,12.99,,,HOKA Clifton 9 Pomarańcz,11.7468,8.658,,,1315.0
2024-02-22 19:02:50,2024,2,22,3,3614,3605.0,9.13,,,HOKA Clifton 9 Pomarańcz,12.546,9.1188,,,924.0
2023-09-10 14:52:23,2023,9,10,6,1845,1807.0,5.03,175.0,158.0,,14.824800000000002,10.0296,,,509.0
2023-09-01 19:26:16,2023,9,1,4,1700,1685.0,4.70,175.0,155.0,,15.505200000000002,10.044,,,475.0
2023-12-29 20:04:24,2023,12,29,4,3018,3010.0,7.54,,,,15.120000000000001,9.018,,,762.0
2023-09-08 06:33:04,2023,9,8,4,1846,1808.0,5.39,177.0,160.0,,17.226000000000003,10.7424,,,547.0
2024-01-03 10:45:24,2024,1,3,2,3025,3021.0,7.91,,,,12.762,9.4356,,,800.0
2023-08-30 10:14:18,2023,8,30,2,1260,1207.0,3.50,169.0,152.0,,15.5592,10.4364,,,354.0
2023-09-20 17:38:35,2023,9,20,2,2364,2284.0,6.33,170.0,159.0,,16.3656,9.9864,,,636.0
2023-09-06 19:29:39,2023,9,6,2,1940,1931.0,5.22,167.0,150.0,,15.148800000000001,9.738000000000001,,,528.0
2023-09-28 09:51:36,2023,9,28,3,2311,2275.0,6.23,176.0,159.0,,13.806000000000001,9.8604,,,622.0
2023-10-02 16:41:09,2023,10,2,0,1876,1800.0,5.25,172.0,121.0,,16.070400000000003,10.504800000000001,,,531.0
2023-10-08 16:52:14,2023,10,8,6,3088,2884.0,8.31,172.0,116.0,,14.9904,10.3824,,,842.0
2023-11-02 12:09:29,2023,11,2,3,3184,3184.0,8.17,170.0,154.0,,14.814000000000002,9.2376,,,824.0
2023-09-30 09:51:24,2023,9,30,5,2626,2586.0,7.19,175.0,157.0,,14.2524,10.0152,,,727.0
2023-08-27 10:30:27,2023,8,27,6,1867,1812.0,4.96,176.0,157.0,,18.7164,9.8712,,,502.0
2023-09-15 20:04:57,2023,9,15,4,2044,1984.0,5.89,174.0,157.0,,15.361200000000002,10.7028,,,599.0
2023-09-23 09:46:33,2023,9,23,5,2365,2285.0,6.43,174.0,160.0,,15.0984,10.134,,,647.0
2023-09-13 15:11:04,2023,9,13,2,1672,1625.0,4.77,171.0,159.0,,14.1552,10.5768,,,482.0
2023-10-22 17:18:15,2023,10,22,6,3185,3185.0,8.35,176.0,153.0,,13.7916,9.4464,,,842.0
2023-10-12 19:10:54,2023,10,12,3,3108,2822.0,8.22,132.0,108.0,,16.3764,10.490400000000001,,,833.0
2023-10-15 06:44:39,2023,10,15,6,2918,2884.0,7.95,146.0,114.0,,15.512400000000001,9.9288,,,806.0
2023-10-06 18:00:29,2023,10,6,4,2631,2585.0,7.13,170.0,150.0,,14.223600000000001,9.936,,,721.0
2023-10-26 19:32:19,2023,10,26,3,3122,3122.0,8.73,171.0,147.0,,13.845600000000001,10.0728,,,884.0
2023-11-05 20:10:28,2023,11,5,6,2286,2262.0,6.35,174.0,152.0,,15.332400000000002,10.1088,,,639.0
2023-09-18 08:54:12,2023,9,18,0,1761,1681.0,4.86,178.0,155.0,,16.480800000000002,10.4148,,,491.0
2023-09-25 09:58:35,2023,9,25,0,2082,1922.0,5.54,171.0,146.0,,14.450400000000002,10.389600000000002,,,562.0
2024-05-18 17:31:28,2024,5,18,5,802,802.0,2.00,149.0,142.0,HOKA Clifton 9 Pomarańcz,15.947999999999999,9.010800000000001,83.0,77.0,161.0
2024-05-18 18:36:43,2024,5,18,5,7428,7428.0,21.31,178.0,164.0,HOKA Clifton 9 Pomarańcz,16.6104,10.332,88.0,81.0,1695.0
2024-05-21 12:37:18,2024,5,21,1,2613,2613.0,6.92,149.0,136.0,HOKA Clifton 9 Pomarańcz,26.128800000000002,9.5364,105.0,79.0,504.0
2024-05-23 18:31:52,2024,5,23,3,2417,2417.0,7.22,170.0,156.0,HOKA Clifton 9 Pomarańcz,15.984000000000002,10.764000000000001,88.0,81.0,552.0
2024-05-25 06:42:30,2024,5,25,5,603,603.0,1.59,149.0,140.0,HOKA Clifton 9 Pomarańcz,12.9384,9.522,82.0,79.0,124.0
2024-05-25 07:04:48,2024,5,25,5,1455,1455.0,5.00,183.0,174.0,HOKA Clifton 9 Pomarańcz,16.660800000000002,12.391200000000001,91.0,83.0,373.0
2024-06-02 16:55:19,2024,6,2,6,2098,2098.0,6.57,175.0,160.0,HOKA Clifton 9 Pomarańcz,15.3936,11.2896,86.0,81.0,499.0
2024-06-05 17:20:38,2024,6,5,2,3035,3035.0,8.42,158.0,142.0,HOKA Clifton 9 Pomarańcz,15.2892,9.993599999999999,85.0,79.0,654.0
2024-06-11 17:38:48,2024,6,11,1,2608,2585.0,7.62,176.0,158.0,HOKA Clifton 9 Pomarańcz,16.869600000000002,10.6164,88.0,80.0,587.0
2024-06-15 06:46:47,2024,6,15,5,594,594.0,1.55,163.0,146.0,HOKA Clifton 9 Pomarańcz,13.0464,9.4104,81.0,80.0,122.0
2024-06-15 07:05:26,2024,6,15,5,1473,1473.0,5.01,188.0,177.0,HOKA Clifton 9 Pomarańcz,23.4072,12.2508,105.0,82.0,383.0
2024-06-17 12:44:18,2024,6,17,0,3249,3008.0,8.87,169.0,151.0,HOKA Clifton 9 Pomarańcz,14.652000000000001,10.620000000000001,85.0,80.0,690.0
2024-06-21 22:02:56,2024,6,21,4,2985,2980.0,10.07,184.0,173.0,HOKA Clifton 9 Pomarańcz,16.8336,12.168,91.0,82.0,772.0
2024-06-24 13:47:03,2024,6,24,0,1805,1802.0,4.95,164.0,150.0,HOKA Clifton 9 Pomarańcz,12.5568,9.8892,87.0,80.0,404.0
2024-06-27 14:38:11,2024,6,27,3,2558,2521.0,7.03,179.0,165.0,HOKA Clifton 9 Pomarańcz,17.755200000000002,10.0476,90.0,79.0,595.0
2024-06-29 06:45:19,2024,6,29,5,584,584.0,1.50,144.0,134.0,HOKA Clifton 9 Pomarańcz,11.664000000000001,9.2628,82.0,80.0,115.0
2024-06-29 07:02:49,2024,6,29,5,1440,1440.0,5.01,184.0,170.0,HOKA Clifton 9 Pomarańcz,18.2592,12.5424,92.0,83.0,374.0
2024-07-05 15:20:02,2024,7,5,4,5437,5406.0,14.33,159.0,143.0,HOKA Clifton 9 Pomarańcz,13.7376,9.5436,113.0,79.0,1127.0
2024-07-08 11:00:58,2024,7,8,0,3344,3182.0,9.31,175.0,161.0,HOKA Clifton 9 Pomarańcz,14.306400000000002,10.533600000000002,85.0,79.0,758.0
2024-07-11 10:39:31,2024,7,11,3,3660,3632.0,10.27,171.0,151.0,HOKA Clifton 9 Pomarańcz,15.840000000000002,10.1808,85.0,79.0,817.0
2024-07-17 16:29:54,2024,7,17,2,2583,2583.0,7.56,174.0,158.0,HOKA Clifton 9 Pomarańcz,13.1256,10.5408,84.0,80.0,613.0
2024-07-19 14:34:21,2024,7,19,4,2492,2402.0,6.33,164.0,156.0,HOKA Clifton 9 Pomarańcz,12.117600000000001,9.4968,114.0,80.0,535.0
2024-07-23 17:04:59,2024,7,23,1,5468,5468.0,15.19,166.0,154.0,HOKA Clifton 9 Pomarańcz,13.118400000000001,10.008,84.0,79.0,1233.0
2024-07-25 11:13:34,2024,7,25,3,2652,2652.0,7.18,169.0,152.0,HOKA Clifton 9 Pomarańcz,26.1,9.756,106.0,80.0,573.0
2024-08-04 12:43:25,2024,8,4,6,9802,9532.0,21.02,165.0,157.0,HOKA Clifton 9 Pomarańcz,19.1304,7.9416,121.0,78.0,1741.0
2024-08-26 10:08:39,2024,8,26,0,3295,3003.0,8.52,164.0,145.0,HOKA Clifton 9 Pomarańcz,13.6656,10.2204,87.0,80.0,642.0
2024-08-31 07:05:17,2024,8,31,5,1534,1531.0,5.00,148.0,130.0,HOKA Clifton 9 Pomarańcz,15.6312,11.768400000000002,89.0,82.0,327.0
2024-08-31 06:50:28,2024,8,31,5,476,476.0,1.27,153.0,138.0,HOKA Clifton 9 Pomarańcz,12.3552,9.6264,110.0,81.0,100.0
2024-09-03 11:01:55,2024,9,3,1,3466,3186.0,8.63,166.0,144.0,HOKA Clifton 9 Pomarańcz,13.845600000000001,9.756,113.0,78.0,680.0
2024-09-14 06:44:58,2024,9,14,5,717,717.0,1.82,158.0,143.0,HOKA Clifton 9 Pomarańcz,11.592,9.1476,81.0,79.0,150.0
2024-09-14 07:03:04,2024,9,14,5,1582,1582.0,5.00,159.0,147.0,HOKA Clifton 9 Pomarańcz,14.4864,11.394,89.0,80.0,370.0
2024-09-16 13:35:43,2024,9,16,0,1335,1323.0,3.34,152.0,141.0,HOKA Clifton 9 Pomarańcz,11.5992,9.0936,81.0,78.0,277.0
2024-09-17 11:23:17,2024,9,17,1,2158,2043.0,5.97,179.0,162.0,HOKA Clifton 9 Pomarańcz,12.830400000000001,10.53,83.0,81.0,505.0
2024-09-21 06:39:15,2024,9,21,5,659,659.0,1.59,125.0,114.0,HOKA Clifton 9 Pomarańcz,10.5408,8.7156,81.0,79.0,119.0
2024-09-21 07:05:20,2024,9,21,5,1574,1574.0,5.00,166.0,157.0,HOKA Clifton 9 Pomarańcz,15.588000000000001,11.448,88.0,81.0,396.0
2024-09-23 12:35:03,2024,9,23,0,2585,2404.0,7.02,175.0,154.0,HOKA Clifton 9 Pomarańcz,15.9336,10.519200000000001,110.0,79.0,573.0
2024-09-27 12:58:53,2024,9,27,4,2742,2613.0,6.70,171.0,143.0,HOKA Clifton 9 Pomarańcz,29.664,9.230400000000001,115.0,77.0,575.0
2024-10-05 06:53:13,2024,10,5,5,224,224.0,0.65,142.0,130.0,HOKA Clifton 9 Pomarańcz,13.4136,10.4616,81.0,78.0,49.0
2024-10-05 07:02:44,2024,10,5,5,1526,1526.0,5.06,160.0,149.0,HOKA Clifton 9 Pomarańcz,21.4056,11.9448,92.0,81.0,377.0
2024-10-09 09:03:30,2024,10,9,2,3290,3203.0,8.52,177.0,151.0,HOKA Clifton 9 Pomarańcz,17.3448,9.576,115.0,76.0,742.0
2024-10-10 20:04:14,2024,10,10,3,2042,2042.0,5.89,119.0,110.0,HOKA Clifton 9 Pomarańcz,13.2408,10.389600000000002,83.0,78.0,391.0
2024-10-12 06:45:31,2024,10,12,5,675,675.0,1.75,134.0,122.0,HOKA Clifton 9 Pomarańcz,11.9088,9.378,82.0,80.0,136.0
2024-10-12 07:02:31,2024,10,12,5,1523,1523.0,5.00,148.0,139.0,HOKA Clifton 9 Pomarańcz,17.488799999999998,11.826,90.0,82.0,360.0
2024-10-16 04:32:08,2024,10,16,2,2696,2612.0,7.27,165.0,152.0,HOKA Clifton 9 Pomarańcz,28.7784,10.0224,116.0,80.0,619.0
2024-10-17 13:41:25,2024,10,17,3,2183,1874.0,5.52,165.0,143.0,HOKA Clifton 9 Pomarańcz,14.421600000000002,10.620000000000001,85.0,81.0,445.0
2024-10-22 13:41:54,2024,10,22,1,3044,2822.0,8.01,171.0,158.0,HOKA Clifton 9 Pomarańcz,13.8312,10.224,84.0,80.0,700.0
2024-10-23 09:02:09,2024,10,23,2,1322,1322.0,3.59,152.0,136.0,HOKA Clifton 9 Pomarańcz,12.672,9.7812,111.0,80.0,294.0
2024-10-26 06:49:54,2024,10,26,5,464,464.0,1.15,144.0,134.0,HOKA Clifton 9 Pomarańcz,10.944,8.9496,85.0,81.0,96.0
2024-10-26 07:01:06,2024,10,26,5,1496,1496.0,5.00,171.0,164.0,HOKA Clifton 9 Pomarańcz,18.288,12.0348,90.0,82.0,413.0
2024-10-29 14:14:21,2024,10,29,1,1805,1805.0,5.26,161.0,146.0,HOKA Clifton 9 Pomarańcz,13.2552,10.490400000000001,83.0,80.0,437.0
2024-10-31 07:00:17,2024,10,31,3,2427,2402.0,6.94,169.0,147.0,HOKA Clifton 9 Pomarańcz,12.96,10.404,84.0,80.0,575.0
2024-11-02 07:45:20,2024,11,2,5,700,700.0,1.76,146.0,137.0,HOKA Clifton 9 Pomarańcz,14.328,9.054,88.0,81.0,147.0
2024-11-02 08:03:07,2024,11,2,5,1484,1484.0,5.00,164.0,155.0,HOKA Clifton 9 Pomarańcz,16.272,12.1356,88.0,83.0,394.0
2024-11-03 13:06:36,2024,11,3,6,1803,1803.0,5.47,155.0,144.0,HOKA Clifton 9 Pomarańcz,13.968,10.926,86.0,81.0,443.0
2024-11-06 09:55:34,2024,11,6,2,2172,1804.0,4.85,180.0,150.0,HOKA Clifton 9 Pomarańcz,14.184,9.6912,89.0,79.0,433.0
2024-11-07 09:57:09,2024,11,7,3,2889,2762.0,8.23,170.0,138.0,HOKA Clifton 9 Pomarańcz,15.192,10.728,113.0,81.0,641.0
2024-11-09 07:45:16,2024,11,9,5,642,642.0,1.59,141.0,133.0,HOKA Clifton 9 Pomarańcz,11.998800000000001,8.9568,86.0,81.0,132.0
2024-11-09 08:04:17,2024,11,9,5,1501,1501.0,5.00,132.0,124.0,HOKA Clifton 9 Pomarańcz,21.6,11.9952,99.0,83.0,331.0
2024-11-11 08:03:51,2024,11,11,0,3077,3077.0,10.08,158.0,141.0,HOKA Clifton 9 Pomarańcz,25.92,11.8008,108.0,83.0,725.0
2024-11-13 19:30:30,2024,11,13,2,2216,2104.0,6.51,165.0,134.0,HOKA Clifton 9 Pomarańcz,14.328,11.138399999999999,87.0,82.0,490.0
2024-11-20 18:36:47,2024,11,20,2,1802,1802.0,5.53,153.0,142.0,HOKA Clifton 9 Pomarańcz,14.256,11.0628,87.0,81.0,442.0
2024-12-07 07:48:30,2024,12,7,5,466,466.0,1.20,141.0,131.0,HOKA Clifton 9 Pomarańcz,12.96,9.3132,82.0,79.0,101.0
2024-12-07 08:02:47,2024,12,7,5,1576,1576.0,5.01,148.0,140.0,HOKA Clifton 9 Pomarańcz,18.791999999999998,11.451600000000001,90.0,82.0,395.0
2024-12-10 14:25:01,2024,12,10,1,3288,3004.0,8.64,172.0,151.0,HOKA Clifton 9 Pomarańcz,14.256,10.3536,84.0,80.0,751.0
2024-12-11 18:19:58,2024,12,11,2,2651,2585.0,8.01,172.0,147.0,HOKA Clifton 9 Pomarańcz,14.328,11.156400000000001,85.0,81.0,664.0
2024-12-14 07:47:20,2024,12,14,5,646,646.0,1.74,137.0,130.0,HOKA Clifton 9 Pomarańcz,12.456,9.6948,109.0,81.0,144.0
2024-12-14 08:03:41,2024,12,14,5,1573,1573.0,5.00,160.0,148.0,HOKA Clifton 9 Pomarańcz,19.656,11.4624,93.0,83.0,404.0
2024-12-28 07:46:03,2024,12,28,5,608,608.0,1.59,159.0,142.0,HOKA Clifton 9 Pomarańcz,11.664000000000001,9.468,83.0,80.0,135.0
2024-12-28 08:00:36,2024,12,28,5,1630,1630.0,5.00,185.0,172.0,HOKA Clifton 9 Pomarańcz,18.432000000000002,11.0556,90.0,81.0,428.0
2024-12-29 13:31:15,2024,12,29,6,1852,1802.0,5.31,173.0,159.0,HOKA Clifton 9 Pomarańcz,14.4,10.6164,84.0,81.0,463.0
2025-01-01 16:03:20,2025,1,1,2,1737,1737.0,4.36,159.0,149.0,HOKA Bondi 8 Błękit,11.16,9.0396,82.0,78.0,378.0
2025-01-02 18:06:24,2025,1,2,3,2463,2463.0,7.49,175.0,162.0,HOKA Clifton 9 Pomarańcz,15.264000000000001,10.9476,105.0,81.0,626.0
2025-01-04 07:56:42,2025,1,4,5,149,149.0,0.44,148.0,133.0,HOKA Clifton 9 Pomarańcz,21.456,10.7892,100.0,82.0,33.0
2025-01-04 08:04:38,2025,1,4,5,1578,1578.0,5.01,179.0,168.0,HOKA Clifton 9 Pomarańcz,15.768,11.4408,94.0,84.0,421.0
2025-01-04 09:11:11,2025,1,4,5,2249,2053.0,5.14,172.0,158.0,HOKA Clifton 9 Pomarańcz,11.952,9.0252,86.0,80.0,470.0
2025-01-06 18:43:51,2025,1,6,0,3943,3853.0,10.45,167.0,153.0,HOKA Clifton 9 Pomarańcz,13.607999999999999,9.7668,87.0,80.0,918.0
2025-01-08 12:17:24,2025,1,8,2,2026,1914.0,5.30,177.0,153.0,HOKA Bondi 8 Błękit,16.776,9.979199999999999,89.0,79.0,445.0
2025-01-09 17:05:40,2025,1,9,3,2731,2726.0,8.06,169.0,157.0,HOKA Clifton 9 Pomarańcz,14.256,10.6524,86.0,81.0,695.0
2025-01-12 16:40:57,2025,1,12,6,2419,2402.0,7.13,163.0,155.0,HOKA Clifton 9 Pomarańcz,13.392000000000001,10.692,85.0,81.0,612.0
2025-01-13 17:34:06,2025,1,13,0,2598,2401.0,7.46,172.0,158.0,HOKA Clifton 9 Pomarańcz,16.416,11.1888,92.0,82.0,628.0
2025-01-15 17:47:20,2025,1,15,2,3082,3002.0,9.00,170.0,155.0,HOKA Clifton 9 Pomarańcz,20.232,10.8,96.0,82.0,749.0
2025-01-16 17:39:59,2025,1,16,3,4881,4419.0,12.56,162.0,149.0,HOKA Bondi 8 Błękit,13.464,10.2348,85.0,81.0,1016.0
2025-01-18 13:33:12,2025,1,18,5,3006,2865.0,7.28,161.0,139.0,HOKA Bondi 8 Błękit,21.312,9.1512,102.0,80.0,597.0
2025-01-20 18:37:20,2025,1,20,0,4090,3675.0,10.00,171.0,142.0,HOKA Clifton 9 Pomarańcz,13.536,9.7992,107.0,80.0,824.0
2025-01-23 15:43:23,2025,1,23,3,2402,2402.0,7.04,161.0,149.0,HOKA Clifton 9 Pomarańcz,13.824,10.5516,84.0,80.0,578.0
2025-01-25 07:43:18,2025,1,25,5,544,536.0,1.46,149.0,139.0,HOKA Clifton 9 Pomarańcz,13.032,9.81,87.0,81.0,125.0
2025-01-25 08:02:58,2025,1,25,5,1515,1515.0,5.00,179.0,168.0,HOKA Clifton 9 Pomarańcz,20.952,11.8872,90.0,84.0,426.0
2025-01-25 08:37:13,2025,1,25,5,570,553.0,1.41,155.0,147.0,HOKA Clifton 9 Pomarańcz,11.808,9.2268,85.0,81.0,125.0
2025-01-28 16:41:08,2025,1,28,1,2840,2587.0,6.61,167.0,141.0,HOKA Bondi 8 Błękit,14.112,9.2088,86.0,78.0,558.0
2025-01-29 14:20:54,2025,1,29,2,3270,2994.0,9.01,173.0,155.0,HOKA Clifton 9 Pomarańcz,21.816,10.8396,99.0,81.0,745.0
2025-02-01 16:42:51,2025,2,1,5,1835,1835.0,5.51,165.0,152.0,HOKA Bondi 8 Błękit,13.68,10.8216,84.0,81.0,455.0
2025-02-02 15:54:26,2025,2,2,6,2092,2092.0,6.33,169.0,157.0,HOKA Bondi 8 Błękit,13.824,10.9044,85.0,81.0,541.0
2025-02-09 07:49:42,2025,2,9,6,304,304.0,0.72,136.0,121.0,HOKA Clifton 9 Pomarańcz,11.879999999999999,8.629199999999999,83.0,79.0,62.0
2025-02-09 08:03:33,2025,2,9,6,3148,3148.0,10.11,177.0,164.0,HOKA Clifton 9 Pomarańcz,16.416,11.5668,90.0,82.0,842.0
2025-02-15 07:44:25,2025,2,15,5,698,674.0,1.79,156.0,142.0,HOKA Mach 6 Biel,11.664000000000001,9.5616,82.0,79.0,150.0
2025-02-15 08:00:17,2025,2,15,5,1478,1478.0,5.01,187.0,175.0,HOKA Mach 6 Biel,18.36,12.222,90.0,83.0,420.0
2025-02-17 16:56:08,2025,2,17,0,2808,2720.0,7.54,167.0,151.0,HOKA Clifton 9 Pomarańcz,26.928,9.979199999999999,113.0,79.0,628.0
2025-02-19 16:17:05,2025,2,19,2,7792,7647.0,21.53,159.0,143.0,HOKA Clifton 9 Pomarańcz,14.904,10.137599999999999,87.0,80.0,1757.0
2025-02-22 07:46:26,2025,2,22,5,579,579.0,1.58,144.0,137.0,HOKA Mach 6 Biel,14.688,9.8496,83.0,80.0,129.0
2025-02-22 08:02:26,2025,2,22,5,1466,1466.0,5.01,179.0,167.0,HOKA Mach 6 Biel,19.944,12.3228,96.0,84.0,406.0
2025-02-23 16:30:20,2025,2,23,6,2717,2404.0,7.12,165.0,153.0,HOKA Bondi 8 Błękit,13.392000000000001,10.6704,84.0,80.0,588.0
2025-03-01 08:18:46,2025,3,1,5,373,373.0,1.02,148.0,137.0,HOKA Mach 6 Biel,12.24,9.8892,82.0,79.0,82.0
2025-03-01 08:32:30,2025,3,1,5,1452,1452.0,5.03,184.0,171.0,HOKA Mach 6 Biel,27.936,12.4776,103.0,83.0,409.0
2025-03-06 09:17:58,2025,3,6,3,2619,1833.0,5.03,164.0,146.0,HOKA Clifton 9 Pomarańcz,12.24,9.878400000000001,83.0,79.0,413.0
2025-03-08 07:44:51,2025,3,8,5,557,557.0,1.45,161.0,144.0,HOKA Mach 6 Biel,10.944,9.370800000000001,111.0,80.0,129.0
2025-03-08 08:00:12,2025,3,8,5,1460,1460.0,5.00,186.0,178.0,HOKA Mach 6 Biel,19.008000000000003,12.3408,89.0,83.0,431.0
2025-03-09 10:49:43,2025,3,9,6,11736,9440.0,25.01,166.0,137.0,HOKA Bondi 8 Błękit,12.384,9.54,85.0,79.0,2092.0
2025-03-15 07:51:39,2025,3,15,5,388,388.0,1.00,150.0,136.0,HOKA Mach 6 Biel,12.168,9.2736,82.0,77.0,84.0
2025-03-15 08:01:40,2025,3,15,5,1479,1479.0,5.01,187.0,176.0,HOKA Mach 6 Biel,18.215999999999998,12.1968,90.0,83.0,430.0
2025-03-22 07:40:54,2025,3,22,5,815,815.0,2.12,150.0,139.0,HOKA Mach 6 Biel,11.952,9.3888,83.0,79.0,184.0
2025-03-22 08:01:10,2025,3,22,5,1408,1408.0,5.01,188.0,175.0,HOKA Mach 6 Biel,25.632,12.8088,107.0,85.0,413.0
2025-03-24 12:54:42,2025,3,24,0,7392,6491.0,19.01,165.0,154.0,HOKA Mach 6 Biel,13.248000000000001,10.548,122.0,81.0,1572.0
2025-03-25 19:21:00,2025,3,25,1,325,325.0,1.01,149.0,138.0,HOKA Mach 6 Biel,28.224,11.232000000000001,113.0,82.0,74.0
2025-03-31 14:56:24,2025,3,31,0,2342,2188.0,6.38,165.0,153.0,HOKA Bondi 8 Błękit,13.464,10.504800000000001,84.0,80.0,545.0
2025-04-06 06:46:02,2025,4,6,6,266,266.0,0.63,149.0,139.0,HOKA Mach 6 Biel,10.728,8.6112,88.0,80.0,54.0
2025-04-06 07:04:28,2025,4,6,6,17552,17286.0,42.57,179.0,156.0,HOKA Mach 6 Biel,28.152,8.866800000000001,122.0,80.0,3605.0
2025-04-10 16:25:07,2025,4,10,3,2402,2101.0,7.05,175.0,160.0,HOKA Bondi 8 Błękit,15.984000000000002,12.0888,90.0,84.0,559.0
2025-04-12 06:49:14,2025,4,12,5,360,360.0,0.96,149.0,130.0,HOKA Mach 6 Biel,12.096,9.6372,82.0,80.0,81.0
2025-04-12 07:03:05,2025,4,12,5,1487,1487.0,5.00,183.0,172.0,HOKA Mach 6 Biel,21.6,12.1248,95.0,83.0,426.0
2025-04-14 15:52:38,2025,4,14,0,3030,2762.0,8.50,172.0,159.0,HOKA Bondi 8 Błękit,14.184,11.088000000000001,86.0,80.0,730.0
2025-04-15 17:02:40,2025,4,15,1,2694,2369.0,6.63,161.0,145.0,HOKA Bondi 8 Błękit,17.352,10.0764,87.0,79.0,566.0
2025-04-19 06:47:51,2025,4,19,5,445,445.0,1.16,140.0,129.0,HOKA Mach 6 Biel,11.304,9.450000000000001,82.0,79.0,97.0
2025-04-19 07:01:52,2025,4,19,5,1440,1440.0,5.00,181.0,165.0,HOKA Mach 6 Biel,26.424,12.51,110.0,84.0,410.0
2025-04-22 15:08:01,2025,4,22,1,3342,3207.0,9.68,171.0,153.0,HOKA Mach 6 Biel,16.344,10.8756,115.0,79.0,793.0
2025-04-26 18:36:28,2025,4,26,5,6797,6797.0,21.28,176.0,164.0,HOKA Mach 6 Biel,24.840000000000003,11.2716,101.0,82.0,1784.0
2025-04-29 18:25:15,2025,4,29,1,3271,3268.0,9.85,171.0,154.0,HOKA Bondi 8 Błękit,16.56,10.8576,109.0,78.0,823.0
2025-05-05 13:48:07,2025,5,5,0,1714,1711.0,5.31,173.0,156.0,HOKA Bondi 8 Błękit,15.912,11.185200000000002,88.0,80.0,440.0
2025-05-11 00:00:39,2025,5,11,6,762,762.0,2.63,174.0,164.0,HOKA Mach 6 Biel,23.976000000000003,12.4524,102.0,85.0,203.0
2025-05-10 23:03:04,2025,5,10,5,1340,1340.0,4.70,180.0,171.0,HOKA Mach 6 Biel,17.496000000000002,12.636,87.0,83.0,381.0
2025-05-17 10:00:56,2025,5,17,5,1575,1575.0,5.17,184.0,175.0,HOKA Mach 6 Biel,21.456,11.8368,100.0,83.0,442.0
2025-05-24 06:48:04,2025,5,24,5,560,560.0,1.45,143.0,127.0,HOKA Mach 6 Biel,11.016,9.3204,83.0,82.0,118.0
2025-05-24 07:03:03,2025,5,24,5,1414,1414.0,5.00,186.0,174.0,HOKA Mach 6 Biel,24.624,12.744,102.0,85.0,404.0
2025-05-26 15:07:33,2025,5,26,0,2523,2350.0,7.32,177.0,157.0,HOKA Bondi 8 Błękit,16.56,11.2212,88.0,81.0,602.0
2025-06-09 16:41:00,2025,6,9,0,2441,2317.0,7.08,178.0,163.0,HOKA Bondi 8 Błękit,15.696000000000002,11.0016,86.0,80.0,594.0
2025-06-14 06:37:16,2025,6,14,5,457,457.0,1.22,153.0,141.0,HOKA Mach 6 Biel,11.520000000000001,9.6084,82.0,79.0,102.0
2025-06-14 07:04:31,2025,6,14,5,1432,1432.0,5.00,185.0,177.0,HOKA Mach 6 Biel,21.744,12.5784,92.0,83.0,411.0
2025-06-19 16:02:26,2025,6,19,3,1946,1946.0,5.55,161.0,147.0,HOKA Bondi 8 Błękit,13.536,10.278,84.0,79.0,465.0
2025-06-20 22:04:47,2025,6,20,4,2910,2910.0,10.01,185.0,174.0,HOKA Mach 6 Biel,21.096,12.387599999999999,89.0,81.0,821.0
2025-06-23 17:34:39,2025,6,23,0,3265,2980.0,8.43,175.0,149.0,HOKA Bondi 8 Błękit,15.768,10.188,108.0,78.0,700.0
2025-06-28 06:52:02,2025,6,28,5,145,140.0,0.39,139.0,128.0,HOKA Mach 6 Biel,12.888,10.231200000000001,83.0,78.0,31.0
2025-06-28 07:04:00,2025,6,28,5,1413,1413.0,5.01,184.0,171.0,HOKA Mach 6 Biel,20.16,12.78,95.0,83.0,394.0
2025-07-06 11:03:41,2025,7,6,6,1242,1242.0,4.01,169.0,163.0,HOKA Mach 6 Biel,15.552000000000001,11.635200000000001,88.0,83.0,331.0
2025-07-13 11:16:26,2025,7,13,6,1745,1732.0,5.29,181.0,169.0,HOKA Mach 6 Biel,29.232,11.008799999999999,89.0,82.0,448.0
2025-07-14 17:35:42,2025,7,14,0,1337,1268.0,3.40,156.0,143.0,HOKA Bondi 8 Błękit,13.824,9.6768,82.0,77.0,277.0
2025-07-19 06:47:57,2025,7,19,5,356,356.0,0.98,146.0,129.0,HOKA Mach 6 Biel,12.816,9.982800000000001,82.0,80.0,76.0
2025-07-19 07:00:41,2025,7,19,5,1408,1408.0,5.00,187.0,175.0,HOKA Mach 6 Biel,18.144000000000002,12.7944,90.0,83.0,400.0
2025-07-23 13:07:32,2025,7,23,2,1467,1467.0,4.19,171.0,158.0,HOKA Bondi 8 Błękit,15.120000000000001,10.285200000000001,82.0,77.0,362.0
2025-07-29 18:46:32,2025,7,29,1,2351,2312.0,6.40,176.0,150.0,HOKA Bondi 8 Błękit,16.776,9.9756,86.0,76.0,517.0
2025-08-02 06:43:31,2025,8,2,5,620,620.0,1.67,150.0,136.0,HOKA Mach 6 Biel,11.952,9.7056,82.0,79.0,134.0
2025-08-02 07:01:46,2025,8,2,5,1440,1440.0,5.00,180.0,169.0,HOKA Mach 6 Biel,17.424,12.5136,91.0,82.0,407.0
2025-08-03 10:04:35,2025,8,3,6,3153,2770.0,8.01,173.0,148.0,HOKA Bondi 8 Błękit,15.552000000000001,10.4112,109.0,78.0,658.0
2025-08-10 09:02:37,2025,8,10,6,4236,4221.0,10.68,165.0,149.0,HOKA Mach 6 Biel,24.552000000000003,9.107999999999999,118.0,78.0,876.0
2025-08-11 15:37:55,2025,8,11,0,77,77.0,0.42,166.0,152.0,HOKA Mach 6 Biel,23.688000000000002,19.8648,103.0,96.0,19.0
2025-08-11 15:06:44,2025,8,11,0,1653,1625.0,4.81,158.0,141.0,HOKA Mach 6 Biel,18.0,10.656,87.0,80.0,375.0
2025-08-11 15:52:12,2025,8,11,0,252,252.0,1.01,167.0,153.0,HOKA Mach 6 Biel,20.448,14.453999999999999,96.0,86.0,69.0
2025-08-13 13:45:23,2025,8,13,2,2831,2434.0,7.05,167.0,151.0,HOKA Bondi 8 Błękit,14.688,10.4292,83.0,79.0,581.0
2025-08-16 19:14:57,2025,8,16,5,3235,3145.0,9.48,169.0,155.0,HOKA Bondi 8 Błękit,13.824,10.8576,81.0,78.0,769.0
2025-08-17 16:11:30,2025,8,17,6,636,636.0,2.05,161.0,149.0,HOKA Bondi 8 Błękit,15.120000000000001,11.6532,83.0,80.0,162.0
2025-08-20 17:16:00,2025,8,20,2,3524,3375.0,10.30,170.0,153.0,HOKA Bondi 8 Błękit,15.192,10.9872,90.0,78.0,828.0
2025-08-23 11:08:27,2025,8,23,5,3358,3201.0,10.01,179.0,165.0,,22.752000000000002,11.2572,88.0,79.0,850.0
2025-08-24 13:07:20,2025,8,24,6,1805,1805.0,5.58,167.0,153.0,HOKA Bondi 8 Błękit,13.68,11.1348,81.0,79.0,450.0
2025-08-26 17:19:16,2025,8,26,1,8066,7719.0,21.51,160.0,145.0,HOKA Bondi 8 Błękit,15.984000000000002,10.0332,85.0,78.0,1709.0
2025-08-30 14:06:38,2025,8,30,5,2579,2511.0,7.44,158.0,147.0,HOKA Bondi 8 Błękit,14.616,10.677600000000002,81.0,78.0,589.0
2025-08-31 15:42:54,2025,8,31,6,3455,3455.0,10.23,174.0,156.0,HOKA Bondi 8 Błękit,12.96,10.6668,82.0,78.0,849.0
2025-09-03 18:22:19,2025,9,3,2,3013,2868.0,8.70,166.0,149.0,HOKA Bondi 8 Błękit,15.840000000000002,10.926,107.0,79.0,686.0
2025-09-06 15:35:20,2025,9,6,5,1720,1604.0,5.00,160.0,147.0,HOKA Mach 6 Biel,19.08,11.2392,82.0,79.0,389.0
2025-09-07 12:14:20,2025,9,7,6,7582,7559.0,20.84,161.0,147.0,HOKA Mach 6 Biel,20.88,9.9252,119.0,80.0,1721.0
